Programming II,1,Tyler Durden,777 Fight St
Programming II,2,Leonardo,333 Swordsman st
Programming II,3,Michaelangalo,231 Nunchuck Ave
Programming II,4,Donatello,564 Bow Staff St
Programming II,5,Raphael,888 Sai St
Programming II,6,Kaladin,423 Bridge Four Alley
Programming II,7,Syl,777 Honor Spren St
Programming II,8,Rock,8734 Air Rich Mt
Programming II,9,Moash,342 F**K Moash St
Programming II,10,Shallan,1 Kings Corner
Programming I,1,John Doe,123 Main St
Programming I,2,Jane Smith,456 Oak St
Programming I,3,Alice Johnson,789 Pine St
Programming I,4,Bob Brown,321 Maple St
Programming I,5,Charlie Davis,654 Elm St
Programming I,6,Diana Evans,987 Cedar St
Programming I,7,Frank Green,111 Spruce St
Programming I,8,Grace Harris,222 Birch St
Programming I,9,Henry Lee,333 Aspen St
Programming I,10,Ivy Miller,444 Walnut St
